family,geometry_class,source_constraint,dimension,secret_l1_radius,required_acceptance,source_scale,acceptance_expression,acceptance_exact,acceptance,reciprocal_acceptance_exact,reciprocal_acceptance,source_count,target_count,target_entropy_bits,target_support_log_cardinality,target_coordinate_box_upper_bound,source_max_l2_squared,target_max_l2_squared,target_max_l2
cube,integral_rational,||x||_inf <= 24,8,2,1/2,24,(45/49)^8,16815125390625/33232930569601,0.5059778088305645,33232930569601/16815125390625,1.9763712608488475,33232930569601,16815125390625,43.9348247706374,44,48,4608,3872,62.22539674441618
cube,integral_rational,||x||_inf <= 57,8,2,3/4,57,(111/115)^8,23045377697175681/30590228625390625,0.7533574848161633,30590228625390625/23045377697175681,1.3273910728371183,30590228625390625,23045377697175681,54.35532693080085,55,56,25992,24200,155.56349186104046
cube,integral_rational,||x||_inf <= 153,8,2,9/10,153,(303/307)^8,71046228456258335361/78905450517641748001,0.9003969686526757,78905450517641748001/71046228456258335361,1.1106212424241797,78905450517641748001,71046228456258335361,65.94539186778361,66,72,187272,182408,427.0924958366747
cross_polytope,integral_rational,||x||_1 <= 24,8,2,1/2,24,L_8(22)/L_8(24),3750455/7335239,0.5112928154079233,7335239/3750455,1.9558264263935976,872893441,446304145,28.733451964620272,29,48,576,484,22.0
cross_polytope,integral_rational,||x||_1 <= 56,8,2,3/4,56,L_8(54)/L_8(56),29413246337/39210729713,0.75013259259106,39210729713/29413246337,1.3330976548370788,666582405121,500025187729,38.8632098132413,39,56,3136,2916,54.0
cross_polytope,integral_rational,||x||_1 <= 153,8,2,9/10,153,L_8(151)/L_8(153),1764747091380737/1959888299386513,0.9004324848171912,1959888299386513/1764747091380737,1.1105774356897211,1959888299386513,1764747091380737,50.648382866775954,51,72,23409,22801,151.0
cross_blocks_2,integral_rational,4 blocks: ||x_block||_1 <= 24,8,2,1/2,24,(L_2(22)/L_2(24))^4,1053022816561/2080520644801,0.5061342790288538,2080520644801/1053022816561,1.9757602704143102,2080520644801,1053022816561,39.93767383520455,40,48,2304,1936,44.0
cross_blocks_2,integral_rational,4 blocks: ||x_block||_1 <= 57,8,2,3/4,57,(L_2(55)/L_2(57))^4,1440803766642241/1912467619869361,0.7533742018286621,1912467619869361/1440803766642241,1.327361618665338,1912467619869361,1440803766642241,50.35579528125872,51,56,12996,12100,110.0
cross_blocks_2,integral_rational,4 blocks: ||x_block||_1 <= 153,8,2,9/10,153,(L_2(151)/L_2(153))^4,7104932389959121/7890879937890625,0.9003979842403226,7890879937890625/7104932389959121,1.110619989719005,4931799961181640625,4440582743724450625,61.94545472380791,62,72,93636,91204,302.0
cross_blocks_4,integral_rational,2 blocks: ||x_block||_1 <= 24,8,2,1/2,24,(L_4(22)/L_4(24))^2,29598105681/58371043201,0.5070683006140437,58371043201/29598105681,1.9721209130782413,58371043201,29598105681,34.78478579323863,35,48,1152,968,31.11269837220809
cross_blocks_4,integral_rational,2 blocks: ||x_block||_1 <= 57,8,2,3/4,57,(L_4(55)/L_4(57))^2,4455590623929/5913393472009,0.7534744043364444,5913393472009/4455590623929,1.3271850964607896,53220541248081,40100315615361,45.18867882520155,46,56,6498,6050,77.78174593052023
cross_blocks_4,integral_rational,2 blocks: ||x_block||_1 <= 153,8,2,9/10,153,(L_4(151)/L_4(153))^2,123381767377393281/137029329990223441,0.9004040768950423,137029329990223441/123381767377393281,1.110612474621844,137029329990223441,123381767377393281,56.775906830444015,57,72,46818,45602,213.54624791833734
cross_blocks_8,integral_rational,1 blocks: ||x_block||_1 <= 24,8,2,1/2,24,(L_8(22)/L_8(24))^1,3750455/7335239,0.5112928154079233,7335239/3750455,1.9558264263935976,872893441,446304145,28.733451964620272,29,48,576,484,22.0
cross_blocks_8,integral_rational,1 blocks: ||x_block||_1 <= 56,8,2,3/4,56,(L_8(54)/L_8(56))^1,29413246337/39210729713,0.75013259259106,39210729713/29413246337,1.3330976548370788,666582405121,500025187729,38.8632098132413,39,56,3136,2916,54.0
cross_blocks_8,integral_rational,1 blocks: ||x_block||_1 <= 153,8,2,9/10,153,(L_8(151)/L_8(153))^1,1764747091380737/1959888299386513,0.9004324848171912,1959888299386513/1764747091380737,1.1105774356897211,1959888299386513,1764747091380737,50.648382866775954,51,72,23409,22801,151.0
hexagon_blocks,integral_rational,"4 blocks: |x|,|y|,|x+y| <= 24",8,2,1/2,24,(H(22)/H(24))^4,5323914784321/10520947447201,0.5060299760110842,10520947447201/5323914784321,1.9761675145863211,10520947447201,5323914784321,42.27562461800834,43,48,4608,3872,62.22539674441618
hexagon_blocks,integral_rational,"4 blocks: |x|,|y|,|x+y| <= 57",8,2,3/4,57,(H(55)/H(57))^4,7292490650158561/9679915385406721,0.753363057403642,9679915385406721/7292490650158561,1.327381254194169,9679915385406721,7292490650158561,52.69533305472823,53,56,25992,24200,155.56349186104046
hexagon_blocks,integral_rational,"4 blocks: |x|,|y|,|x+y| <= 153",8,2,9/10,153,(H(151)/H(153))^4,22479797191471029601/24966530899311576961,0.9003973071841905,24966530899311576961/22479797191471029601,1.1106208248526384,24966530899311576961,22479797191471029601,64.2852628227524,65,72,187272,182408,427.0924958366747
hybrid_full,irrational_sqrt_threshold,"||x_block||_inf <= 12, ||x_block||_1 <= 33",8,2,1/2,12,"(C_8(10,31)/C_8(12,33))^1",4360159937/8348977729,0.5222387792286325,8348977729/4360159937,1.914832907424148,8348977729,4360159937,32.02173391010882,33,40,369,301,17.349351572897472
hybrid_full,irrational_sqrt_threshold,"||x_block||_inf <= 27, ||x_block||_1 <= 76",8,2,3/4,27,"(C_8(25,74)/C_8(27,76))^1",624662387831/827548688567,0.7548346054570856,827548688567/624662387831,1.3247935279735301,5792840819969,4372636714817,41.99164063078957,42,48,1942,1826,42.731721238442994
hybrid_full,irrational_sqrt_threshold,"||x_block||_inf <= 72, ||x_block||_1 <= 203",8,2,9/10,72,"(C_8(70,201)/C_8(72,203))^1",12889630089435489/14301674443865729,0.9012672005664418,14301674443865729/12889630089435489,1.1095488656100045,14301674443865729,12889630089435489,53.517060379585914,54,64,13849,13521,116.27983488120371
hybrid_blocks_4,integral_rational,"2 blocks: ||x_block||_inf <= 17, ||x_block||_1 <= 34",8,2,1/2,17,"(C_4(15,32)/C_4(17,34))^2",272485044001/522695742529,0.5213071808900033,522695742529/272485044001,1.9182547961314227,522695742529,272485044001,37.98738609002586,38,40,1156,908,30.133038346638727
hybrid_blocks_4,integral_rational,"2 blocks: ||x_block||_inf <= 38, ||x_block||_1 <= 76",8,2,3/4,38,"(C_4(36,74)/C_4(38,76))^2",224453162661121/298534294641025,0.751850513292004,298534294641025/224453162661121,1.3300516290418753,298534294641025,224453162661121,47.67340775313886,48,56,5776,5192,72.05553413860729
hybrid_blocks_4,integral_rational,"2 blocks: ||x_block||_inf <= 102, ||x_block||_1 <= 204",8,2,9/10,102,"(C_4(100,202)/C_4(102,204))^2",692889761664800001/769741367818789249,0.9001591841532915,769741367818789249/692889761664800001,1.1109146222183144,769741367818789249,692889761664800001,59.26540345181064,60,64,41616,40008,200.0199990001
hybrid_blocks_8,irrational_sqrt_threshold,"||x_block||_inf <= 12, ||x_block||_1 <= 33",8,2,1/2,12,"(C_8(10,31)/C_8(12,33))^1",4360159937/8348977729,0.5222387792286325,8348977729/4360159937,1.914832907424148,8348977729,4360159937,32.02173391010882,33,40,369,301,17.349351572897472
hybrid_blocks_8,irrational_sqrt_threshold,"||x_block||_inf <= 27, ||x_block||_1 <= 76",8,2,3/4,27,"(C_8(25,74)/C_8(27,76))^1",624662387831/827548688567,0.7548346054570856,827548688567/624662387831,1.3247935279735301,5792840819969,4372636714817,41.99164063078957,42,48,1942,1826,42.731721238442994
hybrid_blocks_8,irrational_sqrt_threshold,"||x_block||_inf <= 72, ||x_block||_1 <= 203",8,2,9/10,72,"(C_8(70,201)/C_8(72,203))^1",12889630089435489/14301674443865729,0.9012672005664418,14301674443865729/12889630089435489,1.1095488656100045,14301674443865729,12889630089435489,53.517060379585914,54,64,13849,13521,116.27983488120371
cube,integral_rational,||x||_inf <= 47,16,2,1/2,47,(91/95)^16,22113743972843938840712550613441/44012666865176569775543212890625,0.5024404460785047,44012666865176569775543212890625/22113743972843938840712550613441,1.9902856304760013,44012666865176569775543212890625,22113743972843938840712550613441,104.12471424317914,105,112,35344,32400,180.0
cube,integral_rational,||x||_inf <= 112,16,2,3/4,112,(221/225)^16,32379965296718346628931149666317491521/43143988327398919500410556793212890625,0.7505093189577747,43143988327398919500410556793212890625/32379965296718346628931149666317491521,1.3324284918789424,43143988327398919500410556793212890625,32379965296718346628931149666317491521,124.60644095026291,125,128,200704,193600,440.0
cube,integral_rational,||x||_inf <= 305,16,2,9/10,305,(607/611)^16,339640175957642923441240650188821913222822401/377276160684924519615303206456477038025021761,0.9002428760434916,377276160684924519615303206456477038025021761/339640175957642923441240650188821913222822401,1.1108113450393904,377276160684924519615303206456477038025021761,339640175957642923441240650188821913222822401,147.9288433000909,148,160,1488400,1468944,1212.0
cross_polytope,integral_rational,||x||_1 <= 46,16,2,1/2,46,L_16(44)/L_16(46),287667008432845099/573994336179327499,0.5011669807539217,573994336179327499/287667008432845099,1.9953429463682297,1721983008537982497,863001025298535297,59.582139886501245,60,112,2116,1936,44.0
cross_polytope,integral_rational,||x||_1 <= 112,16,2,3/4,112,L_16(110)/L_16(112),317445720750569921768557/422598381072048347516109,0.7511759035736791,422598381072048347516109/317445720750569921768557,1.3312461105881506,2112991905360241737580545,1587228603752849608842785,80.39278420745403,81,128,12544,12100,110.0
cross_polytope,integral_rational,||x||_1 <= 305,16,2,9/10,305,L_16(303)/L_16(305),1480701825168616794381737999267/1644708222983920571873367330307,0.9002823749991629,1644708222983920571873367330307/1480701825168616794381737999267,1.1107626093434628,18091790452823126290607040633377,16287720076854784738199117991937,103.68355561387905,104,160,93025,91809,303.0
cross_blocks_2,integral_rational,8 blocks: ||x_block||_1 <= 47,16,2,1/2,47,(L_2(45)/L_2(47))^8,86465298282925087427038405921/172076937488053351614465342721,0.5024804575507281,172076937488053351614465342721/86465298282925087427038405921,1.9901271481767917,172076937488053351614465342721,86465298282925087427038405921,96.12610789895903,97,112,17672,16200,127.27922061357856
cross_blocks_2,integral_rational,8 blocks: ||x_block||_1 <= 112,16,2,3/4,112,(L_2(110)/L_2(112))^8,126504958639963995551268606969742561/168557838336765915315929777970251521,0.7505136509120186,168557838336765915315929777970251521/126504958639963995551268606969742561,1.332420801120416,168557838336765915315929777970251521,126504958639963995551268606969742561,116.60667725668935,117,128,100352,96800,311.1269837220809
cross_blocks_2,integral_rational,8 blocks: ||x_block||_1 <= 305,16,2,9/10,305,(L_2(303)/L_2(305))^8,1326748244187926048985594993017730712890625/1473766584050645511309581180484416333626081,0.900243131135027,1473766584050645511309581180484416333626081/1326748244187926048985594993017730712890625,1.1108110302815635,1473766584050645511309581180484416333626081,1326748244187926048985594993017730712890625,139.92887462476452,140,160,744200,734472,857.0134187980956
cross_blocks_4,integral_rational,4 blocks: ||x_block||_1 <= 47,16,2,1/2,47,(L_4(45)/L_4(47))^4,67104548829183884268686881/133482893633080158338741761,0.5027202138248659,133482893633080158338741761/67104548829183884268686881,1.9891780208948848,133482893633080158338741761,67104548829183884268686881,85.7946129381754,86,112,8836,8100,90.0
cross_blocks_4,integral_rational,4 blocks: ||x_block||_1 <= 112,16,2,3/4,112,(L_4(110)/L_4(112))^4,97707814600916519601772131841441/130183417253121432259636432540161,0.7505396360193776,130183417253121432259636432540161/97707814600916519601772131841441,1.332374670182218,130183417253121432259636432540161,97707814600916519601772131841441,106.26824489403076,107,128,50176,48400,220.0
cross_blocks_4,integral_rational,4 blocks: ||x_block||_1 <= 305,16,2,9/10,305,(L_4(303)/L_4(305))^4,1023858869782278951308560089475735918081/1137311792473382763366705644130515836321,0.9002446616293579,1137311792473382763366705644130515836321/1023858869782278951308560089475735918081,1.1108091418060668,1137311792473382763366705644130515836321,1023858869782278951308560089475735918081,129.5892125664359,130,160,372100,367236,606.0
cross_blocks_8,integral_rational,2 blocks: ||x_block||_1 <= 47,16,2,1/2,47,(L_8(45)/L_8(47))^2,48678554912581448449/96617009702901184225,0.5038300715605748,96617009702901184225/48678554912581448449,1.9847961772162135,27922315804138442241025,14068102369736038601761,73.57484582573353,74,112,4418,4050,63.63961030678928
cross_blocks_8,integral_rational,2 blocks: ||x_block||_1 <= 112,16,2,3/4,112,(L_8(110)/L_8(112))^2,801277695502354660705840201/1067429908533739117669099561,0.7506607123300668,1067429908533739117669099561/801277695502354660705840201,1.3321597674880024,26685747713343477941727489025,20031942387558866517646005025,94.01628897500295,95,128,25088,24200,155.56349186104046
cross_blocks_8,integral_rational,2 blocks: ||x_block||_1 <= 305,16,2,9/10,305,(L_8(303)/L_8(305))^2,209077844163117426492933488279221249/232243738482053392290636569643702049,0.9002518023936903,232243738482053392290636569643702049/209077844163117426492933488279221249,1.110800330908628,232243738482053392290636569643702049,209077844163117426492933488279221249,117.33152350967315,118,160,186050,183618,428.5067093990478
hexagon_blocks,integral_rational,"8 blocks: |x|,|y|,|x+y| <= 47",16,2,1/2,47,(H(45)/H(47))^8,2214584387947050352798081560481/4407538481863623590319555719041,0.5024537839113014,4407538481863623590319555719041/2214584387947050352798081560481,1.9902327975631904,4407538481863623590319555719041,2214584387947050352798081560481,100.80487881957364,101,112,35344,32400,180.0
hexagon_blocks,integral_rational,"8 blocks: |x|,|y|,|x+y| <= 112",16,2,3/4,112,(H(110)/H(112))^8,3241829709737326859978182756648818241/4319497960236399583445780216393293441,0.750510762959107,4319497960236399583445780216393293441/3241829709737326859978182756648818241,1.3324259282534592,4319497960236399583445780216393293441,3241829709737326859978182756648818241,121.28621972537856,122,128,200704,193600,440.0
hexagon_blocks,integral_rational,"8 blocks: |x|,|y|,|x+y| <= 305",16,2,9/10,305,(H(303)/H(305))^8,34002614173989497451220254283463223672117121/37770486017928312688534822722320569392486721,0.9002429610741483,37770486017928312688534822722320569392486721/34002614173989497451220254283463223672117121,1.1108112401199162,37770486017928312688534822722320569392486721,34002614173989497451220254283463223672117121,144.60855374742746,145,160,1488400,1468944,1212.0
hybrid_full,integral_rational,"||x_block||_inf <= 15, ||x_block||_1 <= 60",16,2,1/2,15,"(C_16(13,58)/C_16(15,60))^1",48665441525091466689/93650953523025176065,0.5196470478341313,93650953523025176065/48665441525091466689,1.9243831061255159,93650953523025176065,48665441525091466689,65.39953144706448,66,80,900,712,26.68332812825267
hybrid_full,integral_rational,"||x_block||_inf <= 34, ||x_block||_1 <= 136",16,2,3/4,34,"(C_16(32,134)/C_16(34,136))^1",29596401112288948355394049/39265249781831502165133761,0.7537555797234112,39265249781831502165133761/29596401112288948355394049,1.3266900131829837,39265249781831502165133761,29596401112288948355394049,84.61362412867622,85,112,4624,4132,64.28063471995279
hybrid_full,integral_rational,"||x_block||_inf <= 91, ||x_block||_1 <= 364",16,2,9/10,91,"(C_16(89,362)/C_16(91,364))^1",77291058680624141968434989367147/85817307180613949794385513933867,0.9006465154861457,85817307180613949794385513933867/77291058680624141968434989367147,1.1103135167965712,257451921541841849383156541801601,231873176041872425905304968101441,107.51503496966242,108,128,33124,31720,178.10109488714548
hybrid_blocks_4,integral_rational,"4 blocks: ||x_block||_inf <= 32, ||x_block||_1 <= 64",16,2,1/2,32,"(C_4(30,62)/C_4(32,64))^4",2966372475149414786429520001/5852435096427922894216878081,0.5068612340459722,5852435096427922894216878081/2966372475149414786429520001,1.9729265779858407,5852435096427922894216878081,2966372475149414786429520001,91.26075832438787,92,96,8192,7216,84.94704232638121
hybrid_blocks_4,integral_rational,"4 blocks: ||x_block||_inf <= 75, ||x_block||_1 <= 150",16,2,3/4,75,"(C_4(73,148)/C_4(75,150))^4",3309342734319573594501075561830721/4408167956813952272397203503641601,0.7507297287083032,4408167956813952272397203503641601/3309342734319573594501075561830721,1.3320372988566582,4408167956813952272397203503641601,3309342734319573594501075561830721,111.35017184435912,112,128,45000,42648,206.51392204885366
hybrid_blocks_4,integral_rational,"4 blocks: ||x_block||_inf <= 204, ||x_block||_1 <= 408",16,2,9/10,204,"(C_4(202,406)/C_4(204,408))^4",420502872373573913004434751546079800625/466999456475107233930598350090625899441,0.9004354642027046,466999456475107233930598350090625899441/420502872373573913004434751546079800625,1.1105737609806998,37826955974483685948378466357340697854721,34060732662259486953359214875232463850625,134.6452332638885,135,144,332928,326448,571.3562811416358
hybrid_blocks_8,irrational_sqrt_threshold,"2 blocks: ||x_block||_inf <= 23, ||x_block||_1 <= 65",16,2,1/2,23,"(C_8(21,63)/C_8(23,65))^2",1438142075079710771251009/2794139440087789013190721,0.514699465046929,2794139440087789013190721/1438142075079710771251009,1.9428813665248759,2794139440087789013190721,1438142075079710771251009,80.25048048498488,81,96,2838,2646,51.43928459844674
hybrid_blocks_8,irrational_sqrt_threshold,"2 blocks: ||x_block||_inf <= 53, ||x_block||_1 <= 149",16,2,3/4,53,"(C_8(51,147)/C_8(53,149))^2",1123661259535790605378296187201/1491340109321322752630887401409,0.7534574122378731,1491340109321322752630887401409/1123661259535790605378296187201,1.327215027362809,1491340109321322752630887401409,1123661259535790605378296187201,99.82605003089641,100,112,14934,14454,120.22478945708326
hybrid_blocks_8,irrational_sqrt_threshold,"2 blocks: ||x_block||_inf <= 142, ||x_block||_1 <= 401",16,2,9/10,142,"(C_8(140,399)/C_8(142,401))^2",9600556027754165872679647346600130625/10663703620803108306976669691697049921,0.9003022185486365,10663703620803108306976669691697049921/9600556027754165872679647346600130625,1.1107381270392567,10663703620803108306976669691697049921,9600556027754165872679647346600130625,122.85252937961775,123,144,108034,106722,326.683332908185
cube,integral_rational,||x||_inf <= 93,32,2,1/2,93,(183/187)^32,2502850282287956791921714396116065687396746297791522429305645028544636161/4999555676450423117483802409775566433246911861221928525275400251491268481,0.5006145434237721,4999555676450423117483802409775566433246911861221928525275400251491268481/2502850282287956791921714396116065687396746297791522429305645028544636161,1.9975448439049766,4999555676450423117483802409775566433246911861221928525275400251491268481,2502850282287956791921714396116065687396746297791522429305645028544636161,240.50239482508937,241,256,276768,264992,514.7737367038065
cube,integral_rational,||x||_inf <= 223,32,2,3/4,223,(443/447)^32,4840823398637121817594316231261586037729374423908919771371304056934258080637309360001/6454175051018557059360065507127750577424170774872938433629826443050948524736655575041,0.7500297652870717,6454175051018557059360065507127750577424170774872938433629826443050948524736655575041/4840823398637121817594316231261586037729374423908919771371304056934258080637309360001,1.3332804193674275,6454175051018557059360065507127750577424170774872938433629826443050948524736655575041,4840823398637121817594316231261586037729374423908919771371304056934258080637309360001,281.3172124337606,282,288,1591328,1562912,1250.1647891378161
cube,integral_rational,||x||_inf <= 608,32,2,9/10,608,(1213/1217)^32,482553675321363246856277403020168772905012700568927863682872053465915242429315757511710125564606081/536165052894026226479343933647752624529743549898105261126637936771944336827023423175481911485634561,0.9000095636907179,536165052894026226479343933647752624529743549898105261126637936771944336827023423175481911485634561/482553675321363246856277403020168772905012700568927863682872053465915242429315757511710125564606081,1.1110993042109973,536165052894026226479343933647752624529743549898105261126637936771944336827023423175481911485634561,482553675321363246856277403020168772905012700568927863682872053465915242429315757511710125564606081,327.8196427238563,328,352,11829248,11751552,3428.0536751923823
cross_polytope,integral_rational,||x||_1 <= 92,32,2,1/2,92,L_32(90)/L_32(92),9124410225817058576982284259883441729/18128412595018934863467272971614364417,0.5033209707685125,18128412595018934863467272971614364417/9124410225817058576982284259883441729,1.9868037655437176,18128412595018934863467272971614364417,9124410225817058576982284259883441729,122.77914272641004,123,256,8464,8100,90.0
cross_polytope,integral_rational,||x||_1 <= 223,32,2,3/4,223,L_32(221)/L_32(223),3879084007865697775387838753616517679108829888525/5167059584067070369440300504804860235121607199949,0.7507333609674407,5167059584067070369440300504804860235121607199949/3879084007865697775387838753616517679108829888525,1.3320308540855827,25835297920335351847201502524024301175608035999745,19395420039328488876939193768082588395544149442625,163.73019266959315,164,288,49729,48841,221.0
cross_polytope,integral_rational,||x||_1 <= 608,32,2,9/10,608,L_32(606)/L_32(608),41042520500075997913269197272089741383648354407720181325869285/45600199833523002062966692673797704963840821880315725083791269,0.9000513298168394,45600199833523002062966692673797704963840821880315725083791269/41042520500075997913269197272089741383648354407720181325869285,1.1110477445808564,2052008992508535092833501170320896723372836984614207628770607105,1846913422503419906097113877244038362264175948347408159664117825,210.16658621679997,211,352,369664,367236,606.0
cross_blocks_2,integral_rational,16 blocks: ||x_block||_1 <= 93,32,2,1/2,93,(L_2(91)/L_2(93))^16,250404633395104476441333878536287465003305744894311646401/500184370440782870174004938721749206003838248680934254721,0.500624666009531,500184370440782870174004938721749206003838248680934254721/250404633395104476441333878536287465003305744894311646401,1.9975044537277389,76322078009152659633484640307884095154394264019917946582183837890625,38208714812485424261678143087202066803482932265367377685699462890625,224.50308408950525,225,256,138384,132496,364.0
cross_blocks_2,integral_rational,16 blocks: ||x_block||_1 <= 223,32,2,3/4,223,(L_2(221)/L_2(223))^16,484121808158815642276044687448194284939972931169904768466949462890625/645469189799298582774030318552445654551475779724016945971440165487681,0.7500308547792156,645469189799298582774030318552445654551475779724016945971440165487681/484121808158815642276044687448194284939972931169904768466949462890625,1.3332784826490467,98490782134902737850041247337714485862957119708864890437536646345166168212890625,73871125512514593853156232825957379904170674311814082102500833570957183837890625,265.3173300550572,266,288,795664,781456,884.0
cross_blocks_2,integral_rational,16 blocks: ||x_block||_1 <= 608,32,2,9/10,608,(L_2(606)/L_2(608))^16,48255892274614979049420940563676865772670172354790540397612686300845462163898199041/53617084504040454618459716747357162179903214868927185038746950176755301648214322241,0.9000096279195958,53617084504040454618459716747357162179903214868927185038746950176755301648214322241/48255892274614979049420940563676865772670172354790540397612686300845462163898199041,1.1110992249177771,8181317825933907259896807365014215420517458323505735021781456020623062385286609228668212890625,7363264812410732887179708948314951442363002373472677672975568588385843225692474218902587890625,311.81965841204385,312,352,5914624,5875776,2424.0
cross_blocks_4,integral_rational,8 blocks: ||x_block||_1 <= 93,32,2,1/2,93,(L_4(91)/L_4(93))^8,529977012945399397237217023816880479054071183704959681/1058503068905621836524728961301961389821726898301487361,0.5006853815675174,1058503068905621836524728961301961389821726898301487361/529977012945399397237217023816880479054071183704959681,1.997262226568822,45565086284824078528387617197785328700428117529379500313993281,22813772612673996086438652040695609072186946159087145704256001,203.82751882660514,204,256,69192,66248,257.3868683519033
cross_blocks_4,integral_rational,8 blocks: ||x_block||_1 <= 223,32,2,3/4,223,(L_4(221)/L_4(223))^8,6706672710866247884144076017680822154606760765912203005468035134128801/8941784487724353168574434948970573091237273533803505961353838984651361,0.7500373913141658,8941784487724353168574434948970573091237273533803505961353838984651361/6706672710866247884144076017680822154606760765912203005468035134128801,1.3332668631998017,58667048023959481139016867700195930051607751655284802612442537578297579521,44002479655993452367869282752003874156374957385149963918875778515019063361,244.6383357524957,245,288,397832,390728,625.0823945689081
cross_blocks_4,integral_rational,8 blocks: ||x_block||_1 <= 608,32,2,9/10,608,(L_4(606)/L_4(608))^8,15523106566558450998462565541186824443423178474613148553817498612242182511201/17247704289226727713711237826886811718637438670984583884254865554027849503521,0.900010013289392,17247704289226727713711237826886811718637438670984583884254865554027849503521/15523106566558450998462565541186824443423178474613148553817498612242182511201,1.1110987491629796,4871261127767660270099861767728395952946690792739240690326764232493058797844662007449601,4384183792338270690889134029427477742180329105516728171842671616122420358754303020623681,291.1400525349627,292,352,2957312,2937888,1714.0268375961912
cross_blocks_8,integral_rational,4 blocks: ||x_block||_1 <= 93,32,2,1/2,93,(L_8(91)/L_8(93))^4,962955845736956109833822437319389309877391139513186561/1922189788447292004818041458122750460227528404390056001,0.5009681414002378,1922189788447292004818041458122750460227528404390056001/962955845736956109833822437319389309877391139513186561,1.9961349182902859,1922189788447292004818041458122750460227528404390056001,962955845736956109833822437319389309877391139513186561,179.32965867694656,180,256,34596,33124,182.0
cross_blocks_8,integral_rational,4 blocks: ||x_block||_1 <= 223,32,2,3/4,223,(L_8(221)/L_8(223))^4,765039749304326313569370616831670732564526011537902995183694561/1019960681363122661367208153735887515908896123876444998903974561,0.7500678832853555,1019960681363122661367208153735887515908896123876444998903974561/765039749304326313569370616831670732564526011537902995183694561,1.3332126628591567,2448925595952857509942666777119865925697259593427344442368442920961,1836860438079687478880058851012841428887426953702505091436050640961,220.12449627935862,221,288,198916,195364,442.0
cross_blocks_8,integral_rational,4 blocks: ||x_block||_1 <= 608,32,2,9/10,608,(L_8(606)/L_8(608))^4,2186921204614664922474373956469783900233592404923564366943006626858726737921/2429880559862088984403058154623673876881067921933203465131249667645370079681,0.900011811584182,2429880559862088984403058154623673876881067921933203465131249667645370079681/2186921204614664922474373956469783900233592404923564366943006626858726737921,1.1110965290997914,202946054240241534066327820132323865870983673907783086611227103491408954425036801,182653845930621428989982187218312821131409871251621019491446856481867715877899841,266.62335972216835,267,352,1478656,1468944,1212.0
hexagon_blocks,integral_rational,"16 blocks: |x|,|y|,|x+y| <= 93",32,2,1/2,93,(H(91)/H(93))^16,25089051872086838755392253560604855238283637029448012456185537924137281/50116168412942338117409340590712713192192134004445284548901892656208961,0.5006179176620309,50116168412942338117409340590712713192192134004445284548901892656208961/25089051872086838755392253560604855238283637029448012456185537924137281,1.9975313801594772,50116168412942338117409340590712713192192134004445284548901892656208961,25089051872086838755392253560604855238283637029448012456185537924137281,233.86202459372,234,256,276768,264992,514.7737367038065
hexagon_blocks,integral_rational,"16 blocks: |x|,|y|,|x+y| <= 223",32,2,3/4,223,(H(221)/H(223))^16,48518934607523479788256039273878744574957305462606394368702893819534528273883493441/64689314158154914188231719678449003860691280076060046619576624519525027878407206401,0.7500301284521664,64689314158154914188231719678449003860691280076060046619576624519525027878407206401/48518934607523479788256039273878744574957305462606394368702893819534528273883493441,1.3332797737921478,64689314158154914188231719678449003860691280076060046619576624519525027878407206401,48518934607523479788256039273878744574957305462606394368702893819534528273883493441,274.67665165246456,275,288,1591328,1562912,1250.1647891378161
hexagon_blocks,integral_rational,"16 blocks: |x|,|y|,|x+y| <= 608",32,2,9/10,608,(H(606)/H(608))^16,4836457949978693935224452731684965153807899668237411628020905616007681894085918366451028980671361/5373784935234237653775223666461738631060856969394759124967243692112900636464030696126050259898881,0.9000095851003531,5373784935234237653775223666461738631060856969394759124967243692112900636464030696126050259898881/4836457949978693935224452731684965153807899668237411628020905616007681894085918366451028980671361,1.1110992777799114,5373784935234237653775223666461738631060856969394759124967243692112900636464030696126050259898881,4836457949978693935224452731684965153807899668237411628020905616007681894085918366451028980671361,321.17904796479183,322,352,11829248,11751552,3428.0536751923823
hybrid_full,irrational_sqrt_threshold,"||x_block||_inf <= 18, ||x_block||_1 <= 101",32,2,1/2,18,"(C_32(16,99)/C_32(18,101))^1",161105354437409631083952396867056276481/317782436047913679875411140452191394689,0.506967460004992,317782436047913679875411140452191394689/161105354437409631083952396867056276481,1.9725131865271057,317782436047913679875411140452191394689,161105354437409631083952396867056276481,126.9212720494348,127,192,1741,1545,39.30648801406709
hybrid_full,irrational_sqrt_threshold,"||x_block||_inf <= 43, ||x_block||_1 <= 243",32,2,3/4,43,"(C_32(41,241)/C_32(43,243))^1",94058805689240439055475213702837106426431719983147/124725416472534212643366998843337964258865266002347,0.7541270123556022,124725416472534212643366998843337964258865266002347/94058805689240439055475213702837106426431719983147,1.3260365742322175,374176249417602637930100996530013892776595798007041,282176417067721317166425641108511319279295159949441,167.593002163908,168,224,10029,9701,98.49365461794989
hybrid_full,irrational_sqrt_threshold,"||x_block||_inf <= 115, ||x_block||_1 <= 650",32,2,9/10,115,"(C_32(113,648)/C_32(115,650))^1",14664141878586441797960036568902379220595532986706306523613418113/16290774224398876051450931922701855599352041137392889458915821313,0.9001500896515889,16290774224398876051450931922701855599352041137392889458915821313/14664141878586441797960036568902379220595532986706306523613418113,1.1109258461409017,16290774224398876051450931922701855599352041137392889458915821313,14664141878586441797960036568902379220595532986706306523613418113,213.15569072222019,214,256,71750,70734,265.95864340156345
hybrid_blocks_4,integral_rational,"8 blocks: ||x_block||_inf <= 63, ||x_block||_1 <= 126",32,2,1/2,63,"(C_4(61,124)/C_4(63,126))^8",38047080703786178407404019898468389679591090181875671275096932481/75378542886215502220656354747156658681567214259913024775812890625,0.5047468317504962,75378542886215502220656354747156658681567214259913024775812890625/38047080703786178407404019898468389679591090181875671275096932481,1.9811912370641978,75378542886215502220656354747156658681567214259913024775812890625,38047080703786178407404019898468389679591090181875671275096932481,214.53118383491045,215,224,63504,59568,244.0655649615488
hybrid_blocks_4,integral_rational,"8 blocks: ||x_block||_inf <= 149, ||x_block||_1 <= 298",32,2,3/4,149,"(C_4(147,296)/C_4(149,298))^8",47090579978829910345540757712885080671919888826526444836997785354590062890625/62775247542826716950131317657742256601709902302668456381038186067605339987201,0.7501456676328299,62775247542826716950131317657742256601709902302668456381038186067605339987201/47090579978829910345540757712885080671919888826526444836997785354590062890625,1.3330744189400092,62775247542826716950131317657742256601709902302668456381038186067605339987201,47090579978829910345540757712885080671919888826526444836997785354590062890625,254.7019737027631,255,288,355216,345776,588.0272102547636
hybrid_blocks_4,integral_rational,"8 blocks: ||x_block||_inf <= 406, ||x_block||_1 <= 812",32,2,9/10,406,"(C_4(404,810)/C_4(406,812))^8",4605315122876533226976133323721384537948177285658842285874749500025141526695293850442757121/5116410180242523584044819610124488896548642098070203288876477053811482575981985277306969601,0.9001067077577889,5116410180242523584044819610124488896548642098070203288876477053811482575981985277306969601/4605315122876533226976133323721384537948177285658842285874749500025141526695293850442757121,1.1109793887560846,5116410180242523584044819610124488896548642098070203288876477053811482575981985277306969601,4605315122876533226976133323721384537948177285658842285874749500025141526695293850442757121,301.1768284172773,302,320,2637376,2611488,1616.0099009597682
hybrid_blocks_8,irrational_sqrt_threshold,"4 blocks: ||x_block||_inf <= 44, ||x_block||_1 <= 124",32,2,1/2,44,"(C_8(42,122)/C_8(44,124))^4",3199429313135327481858026112867088790290617317405027850625/6341431305054993697205339770164553287889171541190980626561,0.5045279463304982,6341431305054993697205339770164553287889171541190980626561/3199429313135327481858026112867088790290617317405027850625,1.9820507610592013,6341431305054993697205339770164553287889171541190980626561,3199429313135327481858026112867088790290617317405027850625,191.02771600102534,192,224,20672,19888,141.02482051043356
hybrid_blocks_8,irrational_sqrt_threshold,"4 blocks: ||x_block||_inf <= 104, ||x_block||_1 <= 294",32,2,3/4,104,"(C_8(102,292)/C_8(104,294))^4",4202633728390239392663526697089925058170285407102819179159690466650625/5601573576331922143822769424069587461932916447821795221184334966312321,0.7502594888956631,5601573576331922143822769424069587461932916447821795221184334966312321/4202633728390239392663526697089925058170285407102819179159690466650625,1.3328721792935134,5601573576331922143822769424069587461932916447821795221184334966312321,4202633728390239392663526697089925058170285407102819179159690466650625,231.28433227417688,232,256,116112,114208,337.9467413661508
hybrid_blocks_8,irrational_sqrt_threshold,"4 blocks: ||x_block||_inf <= 283, ||x_block||_1 <= 800",32,2,9/10,283,"(C_8(281,798)/C_8(283,800))^4",393063370588677329938683805482458632712891982828337405899951624129994848290811050625/436668927795959146682180619481241111193481060718855606748082630730637201621720804481,0.9001404624153674,436668927795959146682180619481241111193481060718855606748082630730637201621720804481/393063370588677329938683805482458632712891982828337405899951624129994848290811050625,1.1109377277815924,436668927795959146682180619481241111193481060718855606748082630730637201621720804481,393063370588677329938683805482458632712891982828337405899951624129994848290811050625,277.6947938015288,278,320,859736,854472,924.37654665185
