parameter_set,test_case_id,rho_sha256,rank_defect,classical_defect_budget,passes_classical_budget,qrom_defect_budget,passes_qrom_budget
ML-DSA-44,1,6d93783d12f4a20827d1292ac5bb91d9a1fec083a8250ed79ff42e472a0a756f,0,51,True,27,True
ML-DSA-44,2,f7d81e6063f1d263d99109b14a594455134a78317a01f92cc1b4196024e2dcfb,0,51,True,27,True
ML-DSA-44,3,7ae412f960a4503b3f78e8242262a6e5a7d5d8c9674369895e50cad22840e6ef,0,51,True,27,True
ML-DSA-44,4,8b9e36317d227e56509c162a7513580bbac533eef3e2f2f4f32201c49b35881a,0,51,True,27,True
ML-DSA-44,5,18978b2b0db5422903be23f66c077e7b07edac711235d0e6ee50b8139a04ea50,0,51,True,27,True
ML-DSA-44,6,8058046d3b58652b509e18ebf07bb2f4e32f2653a07d78e127b10e23d29f8fbe,0,51,True,27,True
ML-DSA-44,7,be4724f0607d9df6a0e770cd80916a856a517bb7f6812d3b7722f908d9196d80,0,51,True,27,True
ML-DSA-44,8,3b70152b33384291229aacf73a8d22b2137a302c2cfa23828db0133f58c76acf,0,51,True,27,True
ML-DSA-44,9,787e27ff6af563334f25bbf9498f1f5d38f1b51a8a3f38c00e5afada68701c15,0,51,True,27,True
ML-DSA-44,10,69757ec9107ea0dab64137beed0662f1c7135e0a8de2ec37a0d29ec81ffc8657,0,51,True,27,True
ML-DSA-44,11,26c446a9d75b5cd87001dc19af7f0dabc85fab0ed039f87a6ddba9d9404912e5,0,51,True,27,True
ML-DSA-44,12,b73d2081159383788d093eefe1264979b4e626042b914b0932f5667ec2a8e36d,0,51,True,27,True
ML-DSA-44,13,3daeea5a7bac5c364b5a53ab67c3b0e496f359a74e9342d077cceaf816a92b1f,0,51,True,27,True
ML-DSA-44,14,701c3235091ad5943d04ff9a939aff98aaf5c863884570b56861c210378e0155,0,51,True,27,True
ML-DSA-44,15,c34dc5c7fcdf6040bb33a11675774013911fa27b5bc5915492a43ea6e27a03ad,0,51,True,27,True
ML-DSA-44,16,c9c364b318d31e3d4427c9f2e4f3ff6cf5f16bbe1fe9b6542956dc1d0905a20d,0,51,True,27,True
ML-DSA-44,17,5c269ff44883e0c45ac471fb444107ef66aac20ba09767296419a98e2ecbcc14,0,51,True,27,True
ML-DSA-44,18,e2b76f05b101940ce7cdd6db4bca4a0241496b80d246b0a9996235cee238e174,0,51,True,27,True
ML-DSA-44,19,1566a4480bd981078a0e11e5de68049956dfbddca268715aa096720b4b6bcb74,0,51,True,27,True
ML-DSA-44,20,c4a6c60fa3616caea3e7a8ce3e20bb22b56d2f3dfdd789b3ade37a12017ab4f7,0,51,True,27,True
ML-DSA-44,21,ab782bc464371a2a8f595556913cefd4dbefff6688319e6280a4d1b74a8c708d,0,51,True,27,True
ML-DSA-44,22,67ef6bc0ef2e1cdfe89d6541717cb4207abebbf6f7e097a2e5060601bb17641b,0,51,True,27,True
ML-DSA-44,23,b02a8a4ee7aa42bd78d3f2214e54960a9c466eb1a0dbee921f7b20da740267f0,0,51,True,27,True
ML-DSA-44,24,7e6c10d872ea6f6725867548efeff24bfb6f831531457a132ad7e940897a03aa,0,51,True,27,True
ML-DSA-44,25,3e6be0aa363499e42ee6cb77c902c0a2981fa746c4d4ad5c18a9f83f19a9deb1,0,51,True,27,True
ML-DSA-65,26,b9d90b682afe46b3972a0795eb999326d30d2a6128a26fe53b8a19bd277030c3,0,272,True,240,True
ML-DSA-65,27,0efe20a78152ea41abbf248f2654a80a25f85b5542460ca25ad93e766d7186ce,0,272,True,240,True
ML-DSA-65,28,d958cf8696def1726ec8f8ce7a3771ff53dbd536c8b0bf9013e609cde25b3f22,0,272,True,240,True
ML-DSA-65,29,c6570da7dcb2a22923b9133d73bcb9798fd450c1d035be8f7da0a6aaa60b6709,0,272,True,240,True
ML-DSA-65,30,f8510d9e5a93084e693bd8315ecadfdfea8c39a0669195c135cbfd689bc718f3,0,272,True,240,True
ML-DSA-65,31,561cfe7410e6713e5229b29dcfe3dd9289240acf7a4583e51a0442de86fb35c6,0,272,True,240,True
ML-DSA-65,32,dceec7482949832d3a7a31d3c7f35a88dbbeee531d078c19050f4f9a2c8dbe07,0,272,True,240,True
ML-DSA-65,33,9f4d45eac17744d30ffa1c92d65dd07d6dfdec93897e347f229cd41c2f99b94f,0,272,True,240,True
ML-DSA-65,34,beedf82dcacd0426e5b979dde8a5af03424ccfb520b36e511b04f322d26ab1ba,0,272,True,240,True
ML-DSA-65,35,a0d757ff98913cabe8527fcc96012a0fa5fd7924da11cebf79714921c3cbfff4,0,272,True,240,True
ML-DSA-65,36,0351842a083373b1f0bcbf4791642d7cdc1f9d1dcd4c852a4b3a04cc091f86c6,0,272,True,240,True
ML-DSA-65,37,41f1eb26c7b0559d5e53e3344eafbb45cf45180299c9777eb3529c3ddad74495,0,272,True,240,True
ML-DSA-65,38,7af23d3e80feca884b022adcfdbaf5d63adf317b73a7cea743c5732b36713a2b,0,272,True,240,True
ML-DSA-65,39,ce4beada36db2ecde1ba7876b330331eced08c55ff0a37c56462948fc279be3e,0,272,True,240,True
ML-DSA-65,40,e0e28184258cd6625f9dfce8a63a465ed4fb90ae9c0472617b54e758dbd3a124,0,272,True,240,True
ML-DSA-65,41,0ab957dc7d71c96fdd9539b709bfbe362a5bb0f99f1a247b2e974e96f81a841b,0,272,True,240,True
ML-DSA-65,42,c1f66c0f3721a4691f423e71f91b9fe53016ff1b893d4c11c52819e6cdcb30e3,0,272,True,240,True
ML-DSA-65,43,10c60dbbcbca1e7dba7a15f5876fcf1b79934e5fa8308c4d74b0afed573f9865,0,272,True,240,True
ML-DSA-65,44,3333129b27a99eea98e4a490392a02fb6abd1c1931eefe576aeb63e3e0f3a49c,0,272,True,240,True
ML-DSA-65,45,e6f4479ac65dd81557eec64bd21ee3386b3eede889593abef18134b2fc4cd753,0,272,True,240,True
ML-DSA-65,46,50b3d396ad9c2b4b6a7906ec9490af499e9c9e6f7932b740d150972c4ea07a53,0,272,True,240,True
ML-DSA-65,47,46e6d56ee879bc3c603fcbba621f1662e7746814ed56870c455aa350e088d596,0,272,True,240,True
ML-DSA-65,48,5c0126e6753577a5444035b9e9df47b33381dcde9737cdc32669c4b4c7f16db6,0,272,True,240,True
ML-DSA-65,49,8b8e5d5ab59dc89d699e3a8d71a2061fb2545c5bbf2fcaba76bfa0e7c64016d5,0,272,True,240,True
ML-DSA-65,50,b1c88ddb5e7779bdf4d94eaae156c7db3b36d74d6223b7bebff7506d5b771759,0,272,True,240,True
ML-DSA-87,51,a17587e26b2574b0420abd895306a14c9f97aeaac1b86782d6d9a50d497a7ab3,0,400,True,368,True
ML-DSA-87,52,266bf9164b2e73b39775b34816485e7c219d280b2b3c39104acd7027997b9012,0,400,True,368,True
ML-DSA-87,53,1a7ddbe98a6a469f2b5d10dd68cdcde2b500703e00736f6c147eab0a95da84da,0,400,True,368,True
ML-DSA-87,54,dd737309098f67da9806c98aa1ec49757ca9d734c8d02d3734c7ebee986b6cc5,0,400,True,368,True
ML-DSA-87,55,1ab9908c94961bf88ccb7820855f4ddb9dd6371655be611e8fd6d3f14e5d398c,0,400,True,368,True
ML-DSA-87,56,78cb6247734d10b4ef9b36810c933d0007010d58dbc088461182d59bf44a73c7,0,400,True,368,True
ML-DSA-87,57,e086a459c9f70a19933e2e3e4c4aa2057c16a587e18ac0c5a3bd8b59c9c21e9c,0,400,True,368,True
ML-DSA-87,58,57c52968671ada9afe74881627177e6782548c19dfbe4ab841dbd7aed29932ce,0,400,True,368,True
ML-DSA-87,59,1e2b2284581e873c13164a2dc2e0bfdd234c46059f3dde94d4cd0a390c0d54ab,0,400,True,368,True
ML-DSA-87,60,7dfabb93b8c8f4aaed1ebec82784710fe1b9fdb4a5e2c58a99cbdbabe98b8a0f,0,400,True,368,True
ML-DSA-87,61,ab7e46d065568b3b38c0875de0fcd19e619fa5c3049f40e1f9e464efc9d8774d,0,400,True,368,True
ML-DSA-87,62,7c2e1caf3f2e5ddd9547308532982e3444aee9f329229f8ef0b4cf14487c4219,0,400,True,368,True
ML-DSA-87,63,758a8bbee42237406b9979689599ab5a4788acaf4e6956802ef08d29b412d32a,0,400,True,368,True
ML-DSA-87,64,096c900508cb59a28ffb863d2d9d8a538d7b92573423984b7a9579362b9de0b0,0,400,True,368,True
ML-DSA-87,65,42325755a1872543a50eff46dcc983ad8f402d822402665edba604220ad75a32,0,400,True,368,True
ML-DSA-87,66,dfde0abc6e9e1e4e4c2e76452c675137c20a3392e855a44dbc299fed5d041523,0,400,True,368,True
ML-DSA-87,67,b2e96b1611bf44a9d9f20980a375c8ec1aaedcf4ca078521fc4d72b24ef3c8d5,0,400,True,368,True
ML-DSA-87,68,415d955c84bd1955530abcc69b19bddfe0062dee25175096c8278242b5904dcf,0,400,True,368,True
ML-DSA-87,69,ef4b9d4668c00a79c22897c2b15c68a3e11f28008b2e9aa646fe58c4543d6f8e,0,400,True,368,True
ML-DSA-87,70,3a9e3acce8bad30a3b322641ee84a1cf717b8f33a111048ab5f4cf44b71a3526,0,400,True,368,True
ML-DSA-87,71,b25b871ee386aac9c8f140e682f3b858c44a3f98d5e8cab0866e0a35467a2886,0,400,True,368,True
ML-DSA-87,72,e77cc49fba064702b9dd16c911f6de3ccc8f8befacddd94a99b3853d89026d3b,0,400,True,368,True
ML-DSA-87,73,defbe4a016b39189a8bf82e3cf78d76191ff655590b9d0e612eb0fdaaf8e50c6,0,400,True,368,True
ML-DSA-87,74,33ad1b81484b20e19c65e03cce85b3c935ae8553a61989aad990c4274a54c990,0,400,True,368,True
ML-DSA-87,75,0dc6b07b2361d6c69013376370d9c18352d0fcdff560ee9eda09ca0b0aee8c06,0,400,True,368,True
