family,dimension,scale,lattice_point_count,entropy_bits,samples,mean_microseconds,median_microseconds,p95_microseconds,constant_time_claim
cube,4,16,1185921,20.177576477433814,500,2.3294,2.2,2.6,False
cross_polytope_rank,4,16,50049,15.61105362324701,500,16.3154,15.95,19.8,False
hybrid_H_rank,4,16,570113,19.12088837333227,500,18.2558,17.7,25.2,False
cube,8,16,1406408618241,40.35515295486763,500,4.6384,4.1,4.9,False
cross_polytope_rank,8,16,39490049,25.234985822134213,500,36.0078,34.2,43.7,False
hybrid_H_rank,8,16,92468693985,36.42824596123534,500,48.1324,42.349999999999994,64.3,False
cube,16,16,1977985201462558877934081,80.71030590973525,500,7.6918,7.4,9.0,False
cross_polytope_rank,16,16,252055236609,37.87494897133325,500,67.4744,61.3,85.5,False
hybrid_H_rank,16,16,258172311189980049921,67.80689617859782,500,119.2986,77.15,184.1,False
